N.º de Registo;Autor;Título;Vol.;Editor;Local de Edição;Data de entrada;Modo de Aquisição;Material Acompanhante;;;estantes;prateleira
1;Armelle Boy;O grande livro de Tom e Léa;;Dom Quixote;Lisboa;30/08/2011;Compra;;;;;
2;Colin Mcnaughton;Era uma vez um dia normal de escola;;Ana Paula Faria - Ed. Unip.;Lisboa;30/08/2011;Compra;;;;;
3;La Fontaine;A lebre e a tartaruga;;Girassol;Sintra;30/08/2011;Compra;;;;;
4;trad. Manula Pessoa;O menino de cor;;Horizonte;Lisboa;30/08/2011;Compra;;;;;
5;Ana Ventura;O bicharoco que era oco;;Pena Azul;Rio de Mouro;30/08/2011;Compra;;;;;
6;David Mckee;Elmer e Alber;;Caminho;Alfragide;30/08/2011;Compra;;;;;
7;Xulio Gutièrrez;Construtores : animais extraordinários;;Kalandraka;Matosinhos;30/08/2011;Compra;;;;;
8;Pinto & Chinto;Contos para meninos que adormecem logo a seguir;;Kalandraka;Matosinhos;30/08/2011;Compra;;;;;
9;Ursula Wölfel;27 histórias para comer a sopa;;Kalandraka;Matosinhos;30/08/2011;Compra;;;;para refletir;A
10;Ed. lit. Margarida Noronha e Pedro Proença;Fernando Pessoa : antologia Poética;;Kalandraka;Matosinhos;30/08/2011;Compra;para refletir;D
11;Tim Bowley;Contos do mundo;;Kalandraka;Matosinhos;30/08/2011;Compra;;;;para refletir;A
12;Ed. lit. Carlos Nogueira;Bocage : antologia poética;;Kalandraka;Matosinhos;30/08/2011;Compra;;;;para refletir;D
13;Ed. Lit. Margarida Noronha e Joana Rêgo;Florbela Espanca;;Kalandraka;Matosinhos;30/08/2011;Compra;;;;para refletir;D
14;Org. José Fanha;Poemas da natureza;;Gailivro;Canelas;30/08/2011;Compra;;;;;
15;Pat Hutchins;O passeio da dona Rosa;;Kalandraka;Matosinhos;30/08/2011;Compra;;;;Creche;A
16;Werner Holzwarth;A toupeira que queria saber quem lhe fizera aquilo na cabeça;;Kalandraka;Matosinhos;30/08/2011;Compra;;;;;
17;George Gershwin;Porgy and Bess;;Kalandraka;Lisboa;30/08/2011;Compra;;;;;
18;Gioaccchino Rossini;O barbeiro de Sevilha;;Kalandraka;Lisboa;30/08/2011;Compra;;;;para refletir;A
19;Christoph Willibald Gluck;Orfeu e Eurídice;;Kalandraka;Lisboa;30/08/2011;Compra;;;;;
20;Giacomo Puccini;Turandot;;Kalandraka;Lisboa;30/08/2011;Compra;;;;;
21;Caetano Donizetti;O elixir do amor;;Kalandraka;Lisboa;30/08/2011;Compra;;;;;
22;Giuseppe Verdi;Aida;;Kalandraka;Lisboa;30/08/2011;Compra;;;;;
23;Wolfgang Amadeus Mozart;A fauta mágica;;Kalandraka;Matosinhos;30/08/2011;Compra;;;;;
24;Caroline Desnoëttes;Descobrir a arte através do mundo;;Kalandraka;Matosinhos;30/08/2011;Compra;;;;;
25;Caroline Desnoëttes;Olhar a pintura através dos séculos;;Kalandraka;Lisboa;30/08/2011;Compra;;;;;
26;Eric Hill;Os ovos da Páscoa do Bolinha;;Presença;Lisboa;30/08/2011;Compra;;;;;
27;Davide Cali e Serge Bloch;Eu espero…;;Bruaá;[Figueira da Foz];30/08/2011;Compra;;;;Creche;A
28;Jutta Bauer;Quanto a mãe grita;;Ana Paula Faria - Ed. Unip.;Lisboa;30/08/2011;Compra;;;;Creche;E
29;Shaun Tan;A árvore vermelha;;Kalandraka;Matosinhos;30/08/2011;Compra;;;;;
30;Eric Carle;A joaninha Resmungona;;Kalandraka;Matosinhos;30/08/2011;Compra;;;;;
31;Iela Mari;O balãozinho vermelho;;Kalandraka;Matosinhos;30/08/2011;Compra;;;;Creche;C
32;Luisa Aguilar;Orelhas de borboleta;;Kalandraka;Matosinhos;30/08/2011;Compra;;;;Creche;C
33;Luísa Ducla Soares;Os ovos misteriosos;;Afrontamento;Porto;30/08/2011;Compra;;;;;
34;Petr Horácek;O ganso Gastão;;Caminho;Alfragide;30/08/2011;Compra;;;;;
35;Miquel Obiols;O quadro mais bonito do mundo;;Kalandraka;Matosinhos;30/08/2011;Compra;;;;Pré-Escolar;B
36;Mandy Areher;Monstros terríveis (mas não muito) : a grande Bagunça;;Dinalivro;Lisboa;30/08/2011;Compra;;;;;
37;Adap. Olalla González;Grão de Milho;;Kalandraka;Matosinhos;30/08/2011;Compra;;;;Creche;C
38;Gioanni Rodari;Baralhando histórias;;Kalandraka;Matosinhos;30/08/2011;Compra;;;;Creche;D
39;J. e W. Grimm;A casinha de chocolate;;Kalandraka;Matosinhos;30/08/2011;Compra;;;;Creche;C
40;B.A.T.A;O patinho feio;;Kalandraka;Matosinhos;30/08/2011;Compra;;;;;
41;Natalia Colombo;Perto;;Kalandraka;Matosinhos;30/08/2011;Compra;;;;Creche;C
42;Josse Goffin;Oh!;;Kalandraka;[Matosinhos];30/08/2011;Compra;;;;;
43;Fernando Krahn;Ildinha e Maximiliano;;Kalandraka;Lisboa;30/08/2011;Compra;;;;Creche;C
44;Leo Lionni;Pequeno azul e pequeno amarelo;;Kalandraka;Matosinhos;30/08/2011;Compra;;;;Creche;C
45;Marta Azcona;Um presente diferente;;Kalandraka;Matosinhos;30/08/2011;Compra;;;;Creche;C
46;Kiko Dasilva;Moncho e a mancha;;Kalandraka;Lisboa;30/08/2011;Compra;;;;Creche;C
47;Christian Voltz;Eu não fui!;;Kalandraka;Matosinhos;30/08/2011;Compra;;;;;
48;Xulio Gutiérrez;Bocas : animais extraordinários;;Kalandraka;Matosinhos;30/08/2011;Compra;;;;obras de arte;A
49;Philippe Lechermeier;Princesas : esquecidas ou desconhecidas…;;Educação Nacional;Vila Nova de Gaia;30/08/2011;Compra;;;;obras de arte;D
50;B.A.T.A;Chibos sabichões;;Kalandraka;Matosinhos;30/08/2011;Compra;;;;;
51;Xulio Gutiérrez;Nascer : animais extraordinários;;Kalandraka;Matosinhos;30/08/2011;Compra;;;;obras de arte;A
52;Eric Carle;Papá, por favor, apanha-me a lua;;Kalandraka;Matosinhos;30/08/2011;Compra;;;;Creche;C
53;Ivo Rosati;O homem de água;;Kalandraka;Matosinhos;30/08/2011;Compra;;;;Pré-Escolar;B
54;Pat Thomson;É tão injusto;;Ana Paula Faria - Ed. Unip.;Lisboa;30/08/2011;Compra;;;;;
55;Kathryn Cave;Vamos falar de dragões…;;Horizonte;Lisboa;30/08/2011;Compra;;;;Pré-Escolar;B
56;Gilles Bachelet;O meu gato é o mais tolo do mundo;;Caminho;Alfragide;30/08/2011;Compra;;;;;
57;M. Christina Butler;Quem comeu a minha papa?;;Minutos de Leitura;Lisboa;30/08/2011;Compra;;;;;
58;Sylvie Auzary-Luton;Mariana e a missâo Primavera;;Minutos de Leitura;Lisboa;30/08/2011;Compra;;;;;
59;Eric Carle;O senhor cavalo-marinho;;Kalandraka;Matosinhos;30/08/2011;Compra;;;;Creche;C
60;Philippe Lechermeier;Sementes de cabanas;;Kalandraka;Matosinhos;30/08/2011;Compra;;;;Obras de arte;D
61;Sam Mcbratney;Adivinha quanto eu gosto de ti;;Caminho;Alfragide;30/08/2011;Compra;;;;;
62;Jacques Prévert;Para Fazer o retrato de um pássaro;;Kalandraka;Matosinhos;30/08/2011;Compra;;;;Pré-Escolar;C
63;Pedro Stuq Palma;Um dia no hospital dos pequeninos;;Prime Books;[Lisboa];30/08/2011;Compra;;;;;
64;Daphne W. Rocha;O que se vê no abc;;Caminho;[Alfragide];30/08/2011;Compra;;;;;
65;Luísa Ducla Soares;Destrava línguas;;Horizonte;Lisboa;30/08/2011;Compra;;;;;
66;Luísa Ducla Soares;Lenga lengas;;Horizonte;Lisboa;30/08/2011;Compra;;;;;
67;Julia Donaldson;O grufalão;;Babel;Lisboa;30/08/2011;Compra;;;;;
68;Antologia José Viale Moutinho;O grande livro das lengalengas;;Afrontamento;Porto;30/08/2011;Compra;;;;;
69;Graça Breia, Manuela Micaelo;O segredo do sol e da lua;;Cercica;[Cascais];30/08/2011;Compra;;;;;
70;Shel Silverstein;A árvore generosa;;Bruaá;Figueira de Foz;30/08/2011;Compra;;;;Pré-Escolar;C
71;José Jorge Letria;Versos de fazer ó-ó;;Terramar;Lisboa;30/08/2011;Compra;;;;Creche;E
72;Luísa Costa Gomes;Trava - línguas;;D. Quixote;Alfragide;30/08/2011;Compra;;;;;
73;Selec. e notas de José Viale Moutinho;O livrinho das lengalengas;;Afrontamento;Porto;30/08/2011;Compra;;;;;
74;Maria José Araújo;O quê?... Os adultos não sabem?;;Prime Books;[Lisboa];30/08/2011;Compra;;;;;
75;Alice Vieira;A lua não está à venda;;Caminho;Alfragide;30/08/2011;Compra;;;;;
76;Marta Rivera Ferner;O elefante que não era elefante;;Deriva;Porto;30/08/2011;Compra;;;;;
77;Porto Editora;Dicionário escolar da língua portuguesa;;Porto Editora;Porto;30/08/2011;Compra;;;;;
78;Porto Editora;Dicionário básico da língua portuguesa;;Porto Editora;Porto;30/08/2011;Compra;;;;;
79;Porto Editora;Dicionário da língua portuguesa;;Porto Editora;Porto;30/08/2011;Compra;;;;;
80;J. e W. Grimm;Os quatro amigos;;Kalandraka;Matosinhos;30/08/2011;Compra;;;;Creche;C
81;Miriam Sánchez Moreira;Onde perdeu a Lúa o riso?;;Kalandraka;Matosinhos;30/08/2011;Compra;;;;Creche;C
82;Marisa Núñez;O pinto careca;;Kalandraka;Matosinhos;30/08/2011;Compra;;;;Creche;C
83;Clara Cunha;O cuquedo;;Horizonte;Lisboa;30/08/2011;Compra;;;;;
84;Xosé Ballesteros;O coelhinho branco;;Kalandraka;Matosinhos;30/08/2011;Compra;;;;;
85;Eva Mejuto;A casa da mosca FOSCA;;Kalandraka;Matosinhos;30/08/2011;Compra;;;;Creche;C
86;Alice Vieira;A charada da bicharada;;Texto;Alfragide;30/08/2011;Compra;;;;Pré-Escola;E
87;Leo Lionni;Nadadorzinho;;Kalandraka;Matosinhos;30/08/2011;Compra;;;;Creche;D
88;Vanina Starkoff;Dançar nas nuvens;;Kalandraka;Matosinhos;30/08/2011;Compra;;;;Creche;D
89;Xosé Ballesteros;Os sete cabritos;;Kalandraka;Matosinhos;30/08/2011;Compra;;;;;
90;Leo Lionni;Frederico;;Kalandraka;Matosinhos;30/08/2011;Compra;;;;Creche;D
91;Luísa Ducla Soares;Se os bichos se vestissem como gente;;Civilização;Porto;30/08/2011;Compra;;;;;
92;Xosé Álvarez Cáccamo;Dinossáurio Belisário;;Kalandraka;Matosinhos;30/08/2011;Compra;;;;Creche;C
93;David Mckee;Elmer;;Caminho;Alfragide;30/08/2011;Compra;;;;;
94;Pep Bruno;A familia C;;Kalandraka;Matosinhos;30/08/2011;Compra;;;;Creche;C
95;Leo Lionni;O que é?;;Kalandraka;Matosinhos;30/08/2011;Compra;;;;;
96;Coby Hol;Como aprender a voar?;;Plátano;Lisboa;30/08/2011;Compra;;;;;
97;Mon Daporta;Um bicho estranho;;Kalandraka;Matosinhos;30/08/2011;Compra;;;;;
98;Guido Van Genechten;Tal como tu!;;Educação Nacional;Vila Nova de Gaia;30/08/2011;Compra;;;;;
99;Fran Alonso;A aranha e eu;;Kalandraka;Matosinhos;30/08/2011;Compra;;;;Creche;C
100;Paule Alen;Adeus querida chupeta!;;Everest;Rio de Mouro;30/08/2011;Compra;;;;;
101;David Bedford;A melhor camisola do mundo;;Minutos de Leitura;Estoril;30/08/2011;Compra;;;;;
102;Leo Lionni;Quando?;;Kalandraka;Matosinhos;30/08/2011;Compra;;;;;
103;Norbert Landa;Desculpa!;;Minutos de Leitura;Estoril;30/08/2011;Compra;;;;;
104;Satoshi Kitamura;Olá quem está aí?;;Ana Paula Faria - Ed. Unip.;[Lisboa];30/08/2011;Compra;;;;Creche;B
105;Paula Carballeira;Xico;;Kalandraka;Matosinhos;30/08/2011;Compra;;;;Creche;C
106;Jo Lodge;Onde é que vais, senhor Croc?;;Minutos de Leitura;Estoril;30/08/2011;Compra;;;;;
107;Filipe Ugalde;Um grande sonho;;Kalandraka;[Matosinhos];30/08/2011;Compra;;;;;
108;Lucy Cousins;Viva o peixinho!;;Caminho;Alfragide;30/08/2011;Compra;;;;;
109;Taro Gomi;Já para o banho!;;Kalandraka;Matosinhos;30/08/2011;Compra;;;;;
110;Porto Editora;Dicionário básico da língua portuguesa;;Porto Editora;Porto;30/08/2011;Compra;;;;;
111;Porto Editora;Dicionário básico da língua portuguesa;;Porto Editora;Porto;30/08/2011;Compra;;;;;
112;Porto Editora;Dicionário da língua portuguesa;;Porto Editora;Porto;30/08/2011;Compra;;;;;
113;Porto Editora;Acordo ortográfico : as novas regras : todas as palavras que mudam;;Porto Editora;Porto;30/08/2011;Compra;;;;;
114;Porto Editora;Primeiro dicionário iustrado de português - inglês;;Porto Editora;Porto;30/08/2011;Compra;;;;;
115;Porto Editora;Primeiro dicionário iustrado de português - inglês;;Porto Editora;Porto;30/08/2011;Compra;;;;;
116;Porto Editora;Dicionário escolar da língua portuguesa;;Porto Editora;Porto;30/08/2011;Compra;;;;;
117;David Mckee;As cores do Elmer;;Caminho;Alfragide;30/08/2011;Compra;;;;;
118;Michael Grejnice;A que sabe a lua?;;Kalandraka;Matosinhos;30/08/2011;Compra;;;;Obras de arte;C
119;Leo Lionni;Quem é?;;Kalandraka;Matosinhos;30/08/2011;Compra;;;;;
120;Leo Lionni;Onde?;;Kalandraka;Matosinhos;30/08/2011;Compra;;;;;
121;Maria de Lourdes Tavares Soares;Histórias de longe e de perto;;Paulinas;Prior Velho;30/08/2011;Compra;;;;;
122;Isabel Minhós Martins;Ovelhinha dá-me lã;;Kalandraka;Matosinhos;30/08/2011;Compra;;;;;
123;Priscilla Hannaford;Casas de animais;;Verbo;[Lisboa];30/08/2011;Compra;;;;;
124;trad. Ana Sabino;Contos de encantar;;Publications International;Londres;30/08/2011;Compra;;;;;
125;il. Bob Filipowich;Animais bebés;;Porto Editora;Porto;30/08/2011;Compra;;;;;
126;Ana Oom;A Princesa e o Sapo;;Zero a Oito;Lisboa;30/08/2011;Compra;;;;;
127;Ana Oom;A Carochinha e o João Ratão;;Zero a Oito;Lisboa;30/08/2011;Compra;;;;;
128;Ana Oom;O Soldadinho de Chumbo;;Zero a Oito;Lisboa;30/08/2011;Compra;;;;;
129;Ana Oom;O Patinho Feio;;Zero a Oito;Lisboa;30/08/2011;Compra;;;;;
130;Ana Oom;O Capuchinho Vermelho;;Zero a Oito;Lisboa;30/08/2011;Compra;;;;;
131;Ana Oom;Os Três Porquinhos;;Zero a Oito;Lisboa;30/08/2011;Compra;;;;;
132;Ana Oom;O macaco de rabo cortado;;Zero a Oito;Lisboa;30/08/2011;Compra;;;;;
133;Ana Oom;Caracóis de Ouro e os Três Ursos;;Zero a Oito;Lisboa;30/08/2011;Compra;;;;;
134;Emilie Beaumont;Pequeno herói : o cavaleiro;;Panini;Girona;30/08/2011;Compra;;;;;
135;revis . Luis Candeias;Os Três Porquinhos = The Three Little Pigs;;Girassol;Abrunheira;30/08/2011;Compra;;;;;
136;trad. e adap. Sara Costa;O Jardim Zoológico;;Asa;Lisboa;30/08/2011;Compra;;;;;
137;Texto Editora;100 palavras em português e inglês : na rua;;Texto;Alfragide;30/08/2011;Compra;;;;;
138;Maria Karolczak;Festa na Savana;;Asa;Alfragide;30/08/2011;Compra;;;;;
139;trad. e adap. Sara Costa;Dinossáuros;;Asa;Alfragide;30/08/2011;Compra;;;;;
140;Maria Karolczak;Que fome!;;Asa;Alfragide;30/08/2011;Compra;;;;;
141;Giovanna Mantegazza;1, 2, 3…10 coelhinhos;;Panini;Girona;30/08/2011;Compra;;;;;
142;Gionanna MantegazzA;Doce ou travessura?;;Panini;Girona;30/08/2011;Compra;;;;;
143;Gionanna MantegazzA;Sobre rodas;;Panini;Girona;30/08/2011;Compra;;;;;
144;Gionanna MantegazzA;Água aguinha;;Panini;Girona;30/08/2011;Compra;;;;;
145;trad. e adap. Sara Costa;Os veículos;;Asa;Alfragide;30/08/2011;Compra;;;;;
146;Emilie Beaumont;O avião do Sebastião;;Livrose Livros;[Lisboa];30/08/2011;Compra;;;;;
147;Emilie Beaumont;Pequeno herói : o índio;;Panini;Girona;30/08/2011;Compra;;;;;
148;Gaby Goldsack;Carrinho relâmpago;;Alêtheia;Lisboa;30/08/2011;Compra;;;;;
149;trad. Leya;Cores;;Texto;Alfragide;30/08/2011;Compra;;;;;
150;Rosário Oliveira;À descoberta de Mértola : os caminhos do tempo e da terra;;ADPM : CADISPA;Mértola;03/10/2011;Oferta;;;;;
151;Maria João Carvalho;Direitos da criança;;Everest;Rio de Mouro;03/10/2011;Compra;;;;;
152;Porto Editora;Descobre o corpo humano;;Porto Editora;Porto;03/10/2011;Compra;;;;;
153;Ana Maria Magalhães, Isabel Alçada;A cidadania de A a Z;;Ministério da Educação;Mem Martins;03/10/2011;Oferta;;;;Pré-Escola;E
154;Martinho Marques;Mais alta a água : o Guadiana e  a nova tradução da terra;;EDIA;[Lisboa];03/10/2011;Oferta;;;;;
155;Alunos do 2.º e 3.º Ciclo da Escola EB1/JI da Malagueira;Contos em viagem;;Diana Litográfica do Alentejo;Évora;03/10/2011;Oferta;;;;;
156;Alunos da EB 1 de S. Mamede;A magia do Natal;;Évoratipo;Évora;03/10/2011;Oferta;;;;;
157;Ana Maria Magalhães, Isabel Alçada;Na crista da onda : o Japão;1;Comissão Nac. Desc. Port. : Grupo de Trab. do Min. de Educ.;Lisboa;03/10/2011;Oferta;;;;;
158;Ana Maria Magalhães, Isabel Alçada;Na crista da onda : D. João II;3;Comissão Nac. Desc. Port. : Grupo de Trab. do Min. de Educ.;Lisboa;03/10/2011;Oferta;;;;;
159;Ana Maria Magalhães, Isabel Alçada;Na crista da onda : Portugueses na Europa;4;Comissão Nac. Desc. Port. : Grupo de Trab. do Min. de Educ.;Lisboa;03/10/2011;Oferta;;;;;
160;Ana Maria Magalhães, Isabel Alçada;Na crista da onda : negócios da China;5;Comissão Nac. Desc. Port. : Grupo de Trab. do Min. de Educ.;Lisboa;03/10/2011;Oferta;;;;;
161;Ana Maria Magalhães, Isabel Alçada;Na crista da onda : D. Manuel I;6;Comissão Nac. Desc. Port. : Grupo de Trab. do Min. de Educ.;Lisboa;03/10/2011;Oferta;;;;;
162;Ana Maria Magalhães, Isabel Alçada;Na crista da onda : as viagens do açúcar;7;Comissão Nac. Desc. Port. : Grupo de Trab. do Min. de Educ.;Lisboa;03/10/2011;Oferta;;;;;
163;Ana Maria Magalhães, Isabel Alçada;Na crista da onda : Macau;12;Comissão Nac. Desc. Port. : Grupo de Trab. do Min. de Educ.;Lisboa;03/10/2011;Oferta;;;;;
164;Ana Maria Magalhães, Isabel Alçada;Na crista da onda : mulheres nos descobrimentos;15;Comissão Nac. Desc. Port. : Grupo de Trab. do Min. de Educ.;Lisboa;03/10/2011;Oferta;;;;;
165;Ana Maria Magalhães, Isabel Alçada;Na crista da onda : os pioneiros da aviação;17;Comissão Nac. Desc. Port. : Grupo de Trab. do Min. de Educ.;Lisboa;03/10/2011;Oferta;;;;;
166;Jorge Luján, Piet Grobler;Oh, as cores!;;Kalandraka;Matosinhos;03/10/2011;Compra;;;;Pré-Escola;E
167;Christian Voltz;Eu não fui!;;Kalandraka;Matosinhos;03/10/2011;Compra;;;;;
168;Isabel Minhós Martins;Quando eu nasci;;Planeta Tangerina;Oeiras;03/10/2011;Compra;;;;Pré-Escolar;A
169;Isabel Minhós Martins;Depressa, devagar;;Planeta Tangerina;Oeiras;03/10/2011;Compra;;;;Pré-Escolar;A
170;Isabel Minhós Martins;Como é que uma galinha…;;Planeta Tangerina;Carcavelos;03/10/2011;Compra;;;;Pré-Escolar;A
171;Isabel Minhós Martins;O livro dos quintais;;Planeta Tangerina;Carcavelos;03/10/2011;Compra;;;;Pré-escolar;A
172;Isabel Minhós Martins;Cá em casa somos…;;Planeta Tangerina;Oeiras;03/10/2011;Compra;;;;Pré-escolar;A
173;Davide Cali;Um dia, um guarda-chuva...;;Planeta Tangerina;Carcavelos;03/10/2011;Compra;;;;Pré-escolar;A
174;il. Madalena Matosos;Todos fazemos tudo;;Planeta Tangerina;Carcavelos;03/10/2011;Compra;;;;Pré-Escolar;A
175;Mercedes Prieto, Montse Rivera;Pezinhos de lã;;Kalandraka;Matosinhos;03/10/2011;Compra;;;;;
176;trad. Ermelinda Mutenha, Kai Immig;Correio para o tigre;;Kalandraka;Matosinhos;03/10/2011;Compra;;;;para refletir;A
177;trad. Miguel Gouveia;Na noite escura;;Bruaá;Figueira de Foz;03/10/2011;Compra;;;;;
178;Anke de Vries;Grisela;;Kalandraka;Matosinhos;03/10/2011;Compra;;;;Creche;D
179;Menena Cottin;O livro negro das cores;;Bruaá;Figueira de Foz;03/10/2011;Compra;;;;Creche;A
180;Chema Heras;Avós;;Kalandraka;Matosinhos;03/10/2011;Compra;;;;Creche;C
181;Christian Voltz;Ainda nada?;;Kalandraka;Matosinhos;03/10/2011;Compra;;;;Creche;C
182;Ursula Wölfel;29 histórias disparatadas;;Kalandraka;Matosinhos;03/10/2011;Compra;;;;para refletir;A
183;Anouck Boisrobert, Louis Rigaud;Popville;;Bruaá;[Figueira da Foz];03/10/2011;Compra;;;;;
184;Xosé Manuel González;Artur;;Kalandraka;Matosinhos;03/10/2011;Compra;;;;;
185;Margarida Botelho;Eva;;Ed. do Autor;[S.l.];03/10/2011;Compra;;;;;
186;Isabel Minhós Martins;Pé de pai;;Planeta Tangerina;Carcavelos;03/10/2011;Compra;;;;Pré-Escolar;A
187;Isabel Minhós Martins;Coração de mãe;;Planeta Tangerina;Carcavelos;03/10/2011;Compra;;;;Pré-Escolar;A
188;Isabel Minhós Martins;A manta;;Planeta Tangerina;Carcavelos;03/10/2011;Compra;;;;Pré-Escolar;A
189;Paloma Valdivia;Os de cima e os de baixo;;Kalandraka;Matosinhos;03/10/2011;Compra;;;;Creche;C
190;Anthony Brownw;Pela floresta;;Kalandraka;Matosinhos;03/10/2011;Compra;;;;Pré-Escolar;B
191;Marisa Núñez;A Zebra Camila;;Kalandraka;Matosinhos;03/10/2011;Compra;;;;;
192;Elisa Ramón;Não é fácil pequeno esquilo!;;Kalandraka;Matosinhos;03/10/2011;Compra;;;;Creche;C
193;Xosé Manuel González;O pirata Pata de Lata;;Kalandraka;Matosinhos;03/10/2011;Compra;;;;Creche;C
194;Perica Patacrúa;O gato comilão;;Kalandraka;Matosinhos;03/10/2011;Compra;;;;;
195;Maurice Sendak;Onde vivem os monstros;;Kalandraka;Matosinhos;03/10/2011;Compra;;;;Pré-Escolar;B
196;Mercer Mayer;Um pesadelo no meu armário;;Kalandraka;Matosinhos;03/10/2011;Compra;;;;Pré-Escolar;C
197;Oliver  Jeffers;O incrível rapaz que comia livros;;Orfeu Negro;[Lisboa];03/10/2011;Compra;;;;Pré-Escolar;B
198;Maria Ferretti Rodari, Poala Rodari;O que é preciso?;;Kalandraka;Matosinhos;03/10/2011;Compra;;;;Creche;D
199;Mo Willems;Leonardo, o monstro terrível;;Orfeu Negro;Lisboa;03/10/2011;Compra;;;;Pré-Escolar;B
200;J. Patrick Lewis;A casa;;Kalandraka;Matosinhos;03/10/2011;Compra;;;;Pré-Escolar;B
201;il. Joana Quental;Andakibebé;;Companhia de Música Teatral;[S.l.];03/10/2011;Compra;;;;;
202;Diana Gomes;ABC - aprendo as letras;;Papa-Letras;Lisboa;03/10/2011;Compra;;;;;
203;Orianne Lallemand;Mamã maravilha;;Presença;Barcarena;03/10/2011;Compra;;;;;
204;Selma Mandine;Beijinhos beijinhos;;Presença;Barcarena;03/10/2011;Compra;;;;;
205;António Torrado;O macaco de rabo cortado;;Civilização;Porto;03/10/2011;Compra;;;;;
206;Carlos Campos;Dragões, duendes e outros bichos;;Nova Gaia;[Lisboa];03/10/2011;Compra;;;;;
207;trad. e adap. Maria João Rodrigues;Cinderela;;Girassol;Abrunheira;03/10/2011;Compra;;;;;
208;trad. e adap. Maria João Rodrigues;O Patinho Feio;;Girassol;Abrunheira;03/10/2011;Compra;;;;;
209;trad. e adap. Maria João Rodrigues;Capuchinho Vermelho;;Girassol;Abrunheira;03/10/2011;Compra;;;;;
210;Fern. Alexander;Uma aventura smurfante;;Asa;Alfragide;03/10/2011;Compra;;;;;
211;dir. e comp. António Mendes Correia… [et al.];Grande Enciclopédia Portuguesa e Brasileira;1;Editorial Enciclopédia;Lisboa;03/10/2011;Oferta;;;;;
212;colab. A. Casanova… [et al.];Grande Enciclopédia Portuguesa e Brasileira : actualização;1;Editorial Enciclopédia;Lisboa;03/10/2011;Oferta;;;;;
213;dir. e comp. António Mendes Correia… [et al.];Grande Enciclopédia Portuguesa e Brasileira ;2;Editorial Enciclopédia;Lisboa;03/10/2011;Oferta;;;;;
214;colab. A. Casanova… [et al.];Grande Enciclopédia Portuguesa e Brasileira : actualização;2;Editorial Enciclopédia;Lisboa;03/10/2011;Oferta;;;;;
215;dir. e comp. António Mendes Correia… [et al.];Grande Enciclopédia Portuguesa e Brasileira;3;Editorial Enciclopédia;Lisbo;03/10/2011;Oferta;;;;;
216;dir. e comp. António Mendes Correia… [et al.];Grande Enciclopédia Portuguesa e Brasileira;4;Editorial Enciclopédia;Lisboa;03/10/2011;Oferta;;;;;
217;colab. A. Casanova… [et al.];Grande Enciclopédia Portuguesa e Brasileira : actualização;4;Editorial Enciclopédia;Lisbo;03/10/2011;Oferta;;;;;
218;dir. e comp. António Mendes Correia… [et al.];Grande Enciclopédia Portuguesa e Brasileira;5;Editorial Enciclopédia;Lisboa;03/10/2011;Oferta;;;;;
219;colab. A. Casanova… [et al.];Grande Enciclopédia Portuguesa e Brasileira : actualização;5;Editorial Enciclopédia;Lisboa;03/10/2011;Oferta;;;;;
220;dir. e comp. António Mendes Correia… [et al.];Grande Enciclopédia Portuguesa e Brasileira;6;Editorial Enciclopédia;Lisboa;03/10/2011;Oferta;;;;;
221;colab. A. Casanova… [et al.];Grande Enciclopédia Portuguesa e Brasileira : actualização;6;Editorial Enciclopédia;Lisboa;03/10/2011;Oferta;;;;;
222;dir. e comp. António Mendes Correia… [et al.];Grande Enciclopédia Portuguesa e Brasileira;7;Editorial Enciclopédia;Lisboa;03/10/2011;Oferta;;;;;
223;colab. A. Casanova… [et al.];Grande Enciclopédia Portuguesa e Brasileira : actualização;7;Editorial Enciclopédia;Lisboa;03/10/2011;Oferta;;;;;
224;dir. e comp. António Mendes Correia… [et al.];Grande Enciclopédia Portuguesa e Brasileira;8;Editorial Enciclopédia;lisboa;03/10/2011;Oferta;;;;;
225;colab. A. Casanova… [et al.];Grande Enciclopédia Portuguesa e Brasileira : actualização;8;Editorial Enciclopédia;Lisboa;03/10/2011;Oferta;;;;;
226;dir. e comp. António Mendes Correia… [et al.];Grande Enciclopédia Portuguesa e Brasileira;9;Editorial Enciclopédia;Lisboa;03/10/2011;Oferta;;;;;
227;colab. A. Casanova… [et al.];Grande Enciclopédia Portuguesa e Brasileira : actualização;9;Editorial Enciclopédia;Lisboa;03/10/2011;Oferta;;;;;
228;dir. e comp. António Mendes Correia… [et al.];Grande Enciclopédia Portuguesa e Brasileira;10;Editorial Enciclopédia;Lisboa;03/10/2011;Oferta;;;;;
229;dir. e comp. António Mendes Correia… [et al.];Grande Enciclopédia Portuguesa e Brasileira;11;Editorial Enciclopédia;Lisboa;03/10/2011;Oferta;;;;;
230;dir. e comp. António Mendes Correia… [et al.];Grande Enciclopédia Portuguesa e Brasileira;12;Editorial Enciclopédia;Lisboa;03/10/2011;Oferta;;;;;
231;dir. e comp. António Mendes Correia… [et al.];Grande Enciclopédia Portuguesa e Brasileira;14;Editorial Enciclopédia;Lisboas;03/10/2011;Oferta;;;;;
232;dir. e comp. António Mendes Correia… [et al.];Grande Enciclopédia Portuguesa e Brasileira;16;Editorial Enciclopédia;Lisboa;03/10/2011;Oferta;;;;;
233;dir. e comp. António Mendes Correia… [et al.];Grande Enciclopédia Portuguesa e Brasileira;17;Editorial Enciclopédia;Lisboa;03/10/2011;Oferta;;;;;
234;dir. e comp. António Mendes Correia… [et al.];Grande Enciclopédia Portuguesa e Brasileira;19;Editorial Enciclopédia;Lisboa;03/10/2011;Oferta;;;;;
235;dir. e comp. António Mendes Correia… [et al.];Grande Enciclopédia Portuguesa e Brasileira;20;Editorial Enciclopédia;Lisboa;03/10/2011;Oferta;;;;;
236;dir. e comp. António Mendes Correia… [et al.];Grande Enciclopédia Portuguesa e Brasileira;21;Editorial Enciclopédia;Lisboa;03/10/2011;Oferta;;;;;
237;dir. e comp. António Mendes Correia… [et al.];Grande Enciclopédia Portuguesa e Brasileira;22;Editorial Enciclopédia;Lisboa;03/10/2011;Oferta;;;;;
238;dir. e comp. António Mendes Correia… [et al.];Grande Enciclopédia Portuguesa e Brasileira;23;Editorial Enciclopédia;Lisboa;03/10/2011;Oferta;;;;;
239;dir. e comp. António Mendes Correia… [et al.];Grande Enciclopédia Portuguesa e Brasileira;24;Editorial Enciclopédia;Lisboa;03/10/2011;Oferta;;;;;
240;dir. e comp. António Mendes Correia… [et al.];Grande Enciclopédia Portuguesa e Brasileira;25;Editorial Enciclopédia;Lisboa;03/10/2011;Oferta;;;;;
241;dir. e comp. António Mendes Correia… [et al.];Grande Enciclopédia Portuguesa e Brasileira;26;Editorial Enciclopédia;Lisboa;03/10/2011;Oferta;;;;;
242;dir. e comp. António Mendes Correia… [et al.];Grande Enciclopédia Portuguesa e Brasileira;27;Editorial Enciclopédia;Lisboa;03/10/2011;Oferta;;;;;
243;dir. e comp. António Mendes Correia… [et al.];Grande Enciclopédia Portuguesa e Brasileira;31;Editorial Enciclopédia;Lisboa;03/10/2011;Oferta;;;;;
244;dir. e comp. António Mendes Correia… [et al.];Grande Enciclopédia Portuguesa e Brasileira;35;Editorial Enciclopédia;Lisboa;03/10/2011;Oferta;;;;;
245;dir. e comp. António Mendes Correia… [et al.];Grande Enciclopédia Portuguesa e Brasileira;36;Editorial Enciclopédia;Lisboa;03/10/2011;Oferta;;;;;
246;dir. e comp. António Mendes Correia… [et al.];Grande Enciclopédia Portuguesa e Brasileira;38;Editorial Enciclopédia;Lisboa;03/10/2011;Oferta;;;;;
247;dir. e comp. António Mendes Correia… [et al.];Grande Enciclopédia Portuguesa e Brasileira;39;Editorial Enciclopédia;Lisboa;03/10/2011;Oferta;;;;;
248;dir. e comp. António Mendes Correia… [et al.];Grande Enciclopédia Portuguesa Brasileira;40;Editorial Enciclopédia;Lisboa;03/10/2011;Oferta;;;;;
249;João Pedro Silveira,José Couto Nogueira;Portugal passo a passo : Algarve ;;Clube Internacional do Livro;Amadora;06/10/2011;Oferta;;;;;
250;Ana Mendes Henriques, Nuno Xavier Casimiro;Portugal passo a passo : Douro Litoral ;;Clube Internacional do Livro;Amadora;06-10-20011;Oferta;;;;;
251;Fernando Sobral;Portugal passoa passo : Ribatejo;;Clube Internacional do Livro;Amadora;06/10/2011;Oferta;;;;;
252;Ana Castro Freire, José Couto Nogueira, Rui Pereira;Portugal passo a passo : Estremadura;;Clube Internacional do Livro;Amadora;06/10/2011;Oferta;;;;;
253;João Ribeiro;Portugal passo a passo : Minho;;Clube Internacional do Livro;Amadora;06/10/2011;Oferta;;;;;
254;João Carlos Silva, Rui Tavares;Portugal passo a passo : Trás-os-Montes e Alto Douro;;Clube Internacional do Livro;Amadora;06/10/2011;Oferta;;;;;
255;Helen Matos, Rui Pereira;Portugal passo a passo : Beira Alta e Beira Baixa;;Clube Internacional do Livro;Amadora;06/10/2011;Oferta;;;;;
256;José Luís Peixoto;Évora ao espelho;;Câmara Municipal;Évora;06/10/2011;Oferta;;;;;
257;Instituto do Emprego e Formação Profissional - Deleg. Reg. do Alentejo;Artesanato da Região Alentejo;;I.E.F.P.;[Évora;06/10/2011;Oferta;;;;;
258;Jornal Expresso;Guia Expresso das cidades e vilas de históricas de Portugal;;Expresso;[Lisboa];06/10/2011;Oferta;;;;;
259;Dawn Sirett;Cucuuu com sons;;Civilização;Porto;19/10/2011;Compra;;;;;
260;coord. Carlos Marinho Falcão… [et al.];Toca a… : entrar na escola;5;Hospital do Espírito Santo de Évora;Évora;19/10/2011;Oferta;;;;;
261;coord. Carlos Marinho Falcão;Toca a… : lidar com o ciúme fraterno;7;Hospital do Espírito Santo de Évora;Évora;19/10/2011;Oferta;;;;;
262;coord. Manuela Fialho, Paula Monteiro;Toca a … lidar com a gaguez;8;Hospital do Espírito Santo de Évora;Évora;19/10/2011;Oferta;;;;;
263;trad., rev. e adapt. Departamento Ed. Centralivros ;Brinquedos;;Centralivros;[Lisboa];19/10/2011;Compra;;;;;
264;Emanuela Bussolati;A natureza;;La Coccienella;[S.l.];19/10/2011;Compra;;;;;
265;Pingo Doce;Avô;;Alêtheia;Lisboa;19/10/2011;Compra;;;;;
266;Pingo Doce;Avó;;Alêtheia;Lisboa;19/10/2011;Compra;;;;;
267;Pingo Doce;Pai;;Alêtheia;Lisboa;19/10/2011;Compra;;;;;
268;Pingo Doce;Mãe;;Alêtheia;Lisboa;19/10/2011;Compra;;;;;
269;Pingo Doce;Irmã;;Alêtheia;Lisboa;19/10/2011;Compra;;;;;
270;Sarah Bouyssou;O jipe do Noddy;;Asa;Lisboa;19/10/2011;Compra;;;;;
271;Jon Brown Junior;Noddy e o arco-íris;1;Planeta DeAgostini;[Lisboa];19/10/2011;Compra;;;;;
272;Jon Brown Junior;Dez moedas para Noddy;2;Planeta DeAgostini;[Lisboa];19/10/2011;Compra;;;;;
273;Jon Brown Junior;Noddy e o feitiço para dançar;3;Planeta DeAgostini;[Lisboa];19/10/2011;Compra;;;;;
274;Jon Brown Junior;Noddy e o jogo de futebol;4;Planeta DeAgostini;[Lisboa];19/10/2011;Compra;;;;;
275;Jon Brown Junior;Noddy ajuda o Skippy Skittle;6;Planeta DeAgostini;[Lisboa];19/10/2011;Compra;;;;;
276;Jon Brown Junior;Noddy e o mapa do tesouro;7;Planeta DeAgostini;[Lisboa];19/10/2011;Compra;;;;;
277;Jon Brown Junior;Noddy e a galinha perdida;8;Planeta DeAgostini;[Lisboa];19/10/2011;Compra;;;;;
278;Jon Brown Junior;A roupa do Noddy foge;9;Planeta DeAgostini;[Lisboa];19/10/2011;Compra;;;;;
279;Jon Brown Junior;Noddy e a gaita-de-foles;10;Planeta DeAgostini;[Lisboa];19/10/2011;Compra;;;;;
280;Jon Brown Junior;O avião do Noddy;11;Planeta DeAgostini;[Lisboa];19/10/2011;Compra;;;;;
281;Jon Brown Junior;Noddy e o clockwork mouse;12;Planeta DeAgostini;[Lisboa];19/10/2011;Compra;;;;;
282;Jon Brown Junior;Onde está o guizo do Noddy?;13;Planeta DeAgostini;[Lisboa];19/10/2011;Compra;;;;;
283;Jon Brown Junior;Ouve, Noddy;14;Planeta DeAgostini;[Lisboa];19/10/2011;Compra;;;;;
284;Jon Brown Junior;Noddy e o relógio mágico;15;Planeta DeAgostini;[Lisboa];19/10/2011;Compra;;;;;
285;Jon Brown Junior;Noddy pinta um quadro;16;Planeta DeAgostini;[Lisboa];19/10/2011;Compra;;;;;
286;Andreia Sousa;A União Europeia e o Tratado de Lisboa;;Governo Civil de Évora;Évora;02/11/2011;Oferta;;;;;
287;coord. Norberto Rosado, Jorge Roque;Cancioneiro : a cantar Portel;;Grupo Coral de Cantares Regionais de Portel;Portel;02/11/2011;Oferta;;;;;
288;Ana Maria Magalhães, Isabel Alçada;A Europa dá as mãos;;Representação da Comissão Europeia em Portugal;Lisboa;02/11/2011;Oferta;;;;;
289;Luis Cipriano;Zéthoven e Beethoven;;Grácio;Coimbra;02/11/2011;Oferta;;;;;
290;Ministério da Administração Interna;100 conselhos de segurança;;MAI;Lisboa;02/11/2011;Oferta;;;;;
291;Ministério da Economia e da Inovação;Guia do consumidor;;Direcção-Geral do Consumidor;Lisboa;02/11/2011;Oferta;;;;;
292;concep. Margarida Santos;Fui Bombeiro por um dia;;Governo Civil de Évora;Évora;02/11/2011;Oferta;;;;;
293;concep. Margarida Santos;Bombeiros (de) todos nós! : bateria de jogos;;Governo Civil de Évora;Évora;02/11/2011;Oferta;;;;;
294;coord. Maria Purificação Mil-Homens de Matos;Lógico Primo : vamos à quinta;A;Estúdio Didáctica;Lisboa;09/11/2011;Compra;;;;;
295;coord. Maria Purificação Mil-Homens de Matos;Lógico Primo : vamos ao Jardim Zoológico;B;Estúdio Didáctica;Lisboa;09/11/2011;Compra;;;;;
296;coord. Maria Purificação Mil-Homens de Matos;Lógico Primo : vamos aprender regras de trânsito;C;Estúdio Didáctica;Lisboa;09/11/2011;Compra;;;;;
297;coord. Maria Purificação Mil-Homens de Matos;Lógico Primo : brincar e aprender na natureza;D;Estúdio Didáctica;Lisboa;09/11/2011;compra;;;;;
298;coord. Maria Purificação Mil-Homens de Matos;Lógico primo : como usar o vestuário;E;Estúdio Didáctica;Lisboa;09/11/2011;Compra;;;;;
299;coord. Maria Purificação Mil-Homens de Matos;Lógico Primo : vamos às compras;F;Estúdio Didáctica;Lisboa;09/11/2011;Compra;;;;;
300;coord. Maria Purificação Mil-Homens de Matos;Lógico Primo : cores e formas;G;Estúdio Didáctica;Lisboa;09/11/2011;Compra;;;;;
301;coord. Maria Purificação Mil-Homens de Matos;Lógico Primo : qualidades e números;H;Estúdio Didáctica;Lisboa;09/11/2011;Compra;;;;;
302;coord. Maria Purificação Mil-Homens de Matos;Lógico Primo : ver e falar;I;Estúdio Didáctica;Lisboa;09/11/2011;Compra;;;;;
303;coord. Maria Purificação Mil-Homens de Matos;Lógico Primo : descobrir e combinar;J;Estúdio Didáctica;Lisboa;09/11/2011;Compra;;;;;
304;coord. Maria Purificação Mil-Homens de Matos;Lógico Primo : vamos para a escola;K;Estúdio Didáctica;Lisboa;09/11/2011;Compra;;;;;
305;coord. Maria Purificação Mil-Homens de Matos;Lógico Primo : cantar e comparar;L;Estúdio Didáctica;Lisboa;09/11/2011;Compra;;;;;
306;coord. Maria Purificação Mil-Homens de Matos;Lógico Primo : jogos de concentração;M;Estúdio Didáctica;Lisboa;09/11/2011;Compra;;;;;
307;coord. Maria Purificação Mil-Homens de Matos;Lógico Primo : quando estou doente;N;Estúdio Didáctica;Lisboa;09/11/2011;Compra;;;;;
308;coord. Maria Purificação Mil-Homens de Matos;Lógico Primo : brincar e descobrir;O;Estúdio Didáctica;Lisboa;09/11/2011;Compra;;;;;
309;coord. Maria Purificação Mil-Homens de Matos;Lógico Primo : construir, pintar e desenhar;P;Estúdio Didáctica;Lisboa;09/11/2011;Compra;;;;;
310;coord. Maria Purificação Mil-Homens de Matos;Lógico Primo : jogos de lógica;Q;Estúdio Didáctica;Lisboa;09/11/2011;Compra;;;;;
311;coord. Maria Purificação Mil-Homens de Matos;Lógico Primo : estações e meses do ano;R;Estúdio Didáctica;Lisboa;09/11/2011;Compra;;;;;
312;revis . cient. Joana Maria Pacheco de Castro… [et al.] ;Lógico Piccolo : matemática 1 : adição e subtração de 0 a 20;AA;Estúdio Didáctica;Lisboa;09/11/2011;Compra;;;;;
313;revis . cient. Joana Maria Pacheco de Castro… [et al.] ;Lógico Piccolo : matemática 1 : adição e subtração de 0 a 100;BB;Estúdio Didáctica;Lisboa;09/11/2011;Compra;;;;;
314;revis . cient. Joana Maria Pacheco de Castro… [et al.] ;Lógico Piccolo : matemática 1 : multiplicação;CC;Estúdio Didáctica;Lisboa;09/11/2011;Compra;;;;;
315;revis . cient. Joana Maria Pacheco de Castro… [et al.] ;Lógico Piccolo : matemática 1 : divisão e multiplicação;DD;Estúdio Didáctica;Lisboa;09/11/2011;Compra;;;;;
316;coord. José Orlando Strecht Ribeiro;Lógico Piccolo : português : vamos ler 1 : ouvir para saber ler;S;Estúdio Didáctica;Lisboa;09/11/2011;Compra;;;;;
317;coord. José Orlando Strecht Ribeiro;Lógico Piccolo : português : vamos ler 2 : juntar letras, criar frases;T;Estúdio Didáctica;Lisboa;09/11/2011;Compra;;;;;
318;coord. José Orlando Strecht Ribeiro;Lógico Piccolo : português : ler mais e melhor 1 : saber ler e aprender;U;Estúdio Didáctica;Lisboa;09/11/2011;Compra;;;;;
319;coord. José Orlando Strecht Ribeiro;Lógico Piccolo : português : ler mais e melhor 2 : gostar de ler;W;Estúdio Didáctica;Lisboa;09/11/2011;Compra;;;;;
320;coord. José Orlando Strecht Ribeiro;Lógico Piccolo : português : brincar com as palavras 2 : saber procurar para saber;V;Estúdio Didáctica;Lisboa;09/11/2011;Compra;;;;;
321;coord. José Orlando Strecht Ribeiro;Lógico Piccolo : português : brincar com as palavras 1 : olhar e descobrir;Y;Estúdio Didáctica;Lisboa;09/11/2011;Compra;;;;;
322;revis . cient. Joana Maria Pacheco de Castro… [et al.] ;Lógico Piccolo : matemática 1 : relação entre números de 0 a 20;X;Estúdio Didáctica;Lisboa;09/11/2011;Compra;;;;;
323;revis . cient. Joana Maria Pacheco de Castro… [et al.] ;Lógico Piccolo : matemática 1 : relação entre números de 0 a 100;Z;Estúdio Didáctica;Lisboa;09/11/2011;Compra;;;;;
324;António Cebola;Projectos de investimento de Pequenas e Médias Empresas : elaboração e análise;;Sílabo;Lisboa;23/11/2011;Compra;;;;;
325;trad. Ana Pereira;Os números debaixo do mar;;D. Quixote;Alfragide;23/11/2011;Compra;;;;;
326;concep. Pat Hegarty;O meu dia;;Edicare;Lisboa;23/11/2011;Compra;;;;;
327;concep. Nord Compo;Mai 68 : le pave;;Fetjaine;[S.l.];23/11/2011;Compra;;;;;
328;trad. Leya;Animais da quinta;;D. Quixote;Alfragide;23/11/2011;Compra;;;;;
329;trad. Maria João Camacho;A galinha do Noddy;;Verbo;Lisboa;23/11/2011;Compra;;;;;
330;Guilhermina Rebelo de Andrade;Noddy em mudanças;;Verbo;Lisboa;23/11/2011;Compra;;;;;
331;José Saramago;Évora : património da humanidade;;Câmara Municipal;Évora;07/12/2011;Oferta;;;;;
332;prod. ATAEGINA - Associação de Produções Culturais;Do tamanho do mundo;;[s.e.];[S.l.];07/12/2011;Oferta;;;;;
333;Tony Ross;Eu quero ir para casa!;;Ana Paula Faria;Lisboa;21/06/2012;Compra;;;;;
334;Graça Breia;O gato gatão;;Cercica;Cascais;21/06/2012;Compra;;;;;
335;Anabela Batista;O gigante e os morangos;;Everest;Rio de Mouro;21/06/2012;Compra;;;;;
336;Ana Maria Magalhães, Isabel Alçada;Uma aventura no Palácio da Pena;;Caminho;Lisboa;21/06/2012;Oferta;;;;;
337;Sue Bentley;Gatinho mágico : sonhos de estrela;;Civilização;Porto;21/06/2012;Oferta;;;;;
338;Luis Sepúlveda;História de uma gaivota e do gato que a ensinou a voar;;Porto Editora;Porto;21/06/2012;Oferta;;;;;
339;Daisy Meadows;Céu, a fadazinha azul;;Verbo;Lisboa;21/06/2012;Oferta;;;;;
340;F. Lelarge;Mais de 160 piadas de bolso;;Civilização;Porto;21/06/2012;Oferta;;;;;
341;Ana Maria Magalhães, Isabel Alçada;Uma viagem ao tempo dos castelos;;Caminho;Lisboa;21/06/2012;Oferta;;;;;
342;Jack London;Dente branco;;Porto Editora;Porto;21/06/2012;Oferta;;;;;
343;Martha Steinmeyer;Sorrisos e luzes;;Everest;Rio de Mouro;26/07/2012;Oferta(Pólo Elvas);;;;;
344;[S.A.];Os dinossauros : descoberta, espécies, extinção;;Contmedia;Colónia;26/07/2012;Oferta (Pólo Elvas);;;;;
345;[S.A.];Os dinossauros : descoberta, espécies, extinção;;Contmedia;Colónia;26/07/2012;Oferta (Pólo Elvas);;;;;
346;Ursula Ritter;Hoje festejamos um aniversário;;Everest;Rio de Mouro;26/07/2012;Oferta (Pólo Elvas);;;;;
347;[S.A.];A galinha vermelha;4;Anytime Books;Canada;26/07/2012;Oferta (Pólo Elvas);;;;;
348;Résie Pouyanne;Nuno e Carolina : todo o ano em festa;;Verbo;Lisboa;26/07/2012;Oferta (Pólo Elvas);;;;;
349;Il. Stefan Lohr;O meu divertido livro de adivinhas;;[s.e.];[S.l.];26/07/2012;Oferta (Pólo Elvas);;;;;
350;Il. Stefan Lohr;O meu divertido livro de adivinhas;;[s.e.];[S.l.];26/07/2012;Oferta (Pólo Elvas);;;;;
351;Il. Roger De Klerk;O meu livro de pintar preferido;;[s.e.];[S.l.];26/07/2012;Oferta (Pólo Elvas);;;;;
352;[S.A.];As 365 melhores fábulas : uma para cada dia;;Girassol;Rio de Mouro;26/07/2012;Oferta (Pólo Elvas);;;;;
353;Direc. Editorial Raquel López Varela;Antologia dos contos tradicionais;;Everest;Rio de Mouro;26/07/2012;Oferta (Pólo Elvas);;;;;
354;Trad. Manuela Ramalho, Margarida Pogarell;O meu livro pré-escolar : combinações lógicas;;Vemag;Colónia;26/07/2012;Oferta (Pólo Elvas);;;;;
355;[S.A.];Contar;;Servilibro;Madrid;26/07/2012;Oferta (Pólo Elvas);;;;;
356;[S.A.];A terra : oceanos, continentes, universo;;Contmedia;Colónia;26/07/2012;Oferta (Pólo Elvas);;;;;
357;[S.A.];A terra : oceanos, continentes, universo;;Contmedia;Colónia;26/07/2012;Oferta (Pólo Elvas);;;;;
358;Luísa Ducla Soares;A Fada Palavrinha e o gigante das bibliotecas;;Horizonte;Lisboa;26/07/2012;Oferta (Pólo Elvas);;;;;
359;Luísa Ducla Soares;A Fada Palavrinha e o gigante das bibliotecas;;Horizonte;Lisboa;26/07/2012;Oferta (Pólo Elvas);;;;;
360;Graça Gonçalves;A árvore da família no coração;;Gostar;Aveiro;26/07/2012;Oferta (Pólo Elvas);;;;;
361;Ariane Le Fort;Matias e Amadou : o que é a cooperação para o desenvolvimento;;Comissão Europeia;Luxemburgo;26/07/2012;Oferta (Pólo Elvas);;;;;
362;[S.A.];Sumar;;Servilibro;Madrid;26/07/2012;Oferta (Pólo Elvas);;;;;
363;Gilbert Delahaye;Anita e a tia Lúcia;;Verbo Infantil;Lisboa;26/07/2012;Oferta (Pólo Elvas);;;;;
364;trad. João Dias;As profissões;;Caramel;Bélgica;26/07/2012;Oferta (Pólo Elvas);;;;;
365;des. Christian Ortega;Os animais selvagens;;Caramel;Bélgica;26/07/2012;Oferta (Pólo Elvas);;;;;
366;des. Christian Ortega;Os animais;;Caramel;Bélgica;26/07/2012;Oferta (Pólo Elvas);;;;;
367;Jorge Manuel Henriques Amado;A Guarda e a natureza;;Guarda Nacional Republicana;Lisboa;26/07/2012;Oferta (Pólo Elvas);;;;;
368;Graça Gonçalves;A árvore da família no coração;;Gostar;Aveiro;26/07/2012;Oferta (Pólo Elvas);;;;;
369;Direc. Editorial Raquel López Varela;Antologia das histórias tradicionais;;Everest;Rio de Mouro;26/07/2012;Oferta (Pólo Elvas);;;;;
370;il. Roger De Klerk;O meu livro de imagens para procurar : viaturas;;[s.e.];[S.l.];26/07/2012;Oferta (Pólo Elvas);;;;;
371;il. Roger De Klerk;O meu livro de imagens para procurar : na obra;;[s.e.];[S.l.];26/07/2012;Oferta (Pólo Elvas);;;;;
372;[S.A.];O universo : sistemas estrelares, planetas, galáxias;;Contmedia;Colónia;26/07/2012;Oferta (Pólo Elvas);;;;;
373;[S.A.];O universo : sistemas estrelares, planetas, galáxias;;Contmedia;Colónia;26/07/2012;Oferta (Pólo Elvas);;;;;
374;[S.A.];Os números;;Impala;Queluz;26/07/2012;Oferta (Pólo Elvas);;;;;
375;Il. Roger De Klerk;O meu livro de imagens para procurar : no trânsito;;[s.e.];[S.l.];26/07/2012;Oferta (Pólo Elvas);;;;;
376;[S.A.];O corpo humano : órgãos, sistemas, funções;;Contmedia;Colónia;26/07/2012;Oferta (Pólo Elvas);;;;;
377;[S.A.];O corpo humano : órgãos, sistemas, funções;;Contmedia;Colónia;26/07/2012;Oferta (Pólo Elvas);;;;;
378;Trad. Manuela Ramalho, Margarida Pogarell;O meu livro pré-escolar : a natureza;;Vemag;Colónia;26/07/2012;Oferta (Pólo Elvas);;;;;
379;Oriol Nos;Física & água;;Plátano;Lisboa;26/07/2012;Oferta (Pólo Elvas);;;;arte e ciência;E
380;Alícia Rodríguez;Máquinas & ferramentas;;Plátano;Lisboa;26/07/2012;Oferta (Pólo Elvas);;;;arte e ciência;E
381;Oriol Nos;Transportes & Comunicações;;Plátano;Lisbos;26/07/2012;Oferta (Pólo Elvas);;;;arte e ciência;E
382;Il. Stefan Lohr;As mais belas mandalas;;[s.e.];[S.l.];26/07/2012;Oferta (Pólo Elvas);;;;;
383;Il. Stefan Lohr;As mais belas mandalas;;[s.e.];[S.l.];26/07/2012;Oferta (Pólo Elvas);;;;;
384;Il. Stefan Lohr;O grande livro de ponto a ponto;;[s.e.];[S.l.];26/07/2012;Oferta (Pólo Elvas);;;;;
385;Il. Stefan Lohr;O grande livro de ponto a ponto;;[s.e.];[S.l.];26/07/2012;Oferta (Pólo Elvas);;;;;
386;Il. Roger De Klerk;O meu livro de pintar preferido;;[s.e.];[S.l.];26/07/2012;Oferta (Pólo Elvas);;;;;
387;Disney;Toy Story 2;;Salvat;Barcelona;26/07/2012;Oferta (Pólo Elvas);;;;;
388;Trad. Manuela Ramalho, Margarida Pogarell;O meu livro pré-escolar : a terra;;Vemag;Colónia;26/07/2012;Oferta (Pólo Elvas);;;;;
389;dir. Sérgio Sánchez Cerezo;Enciclopédia de educação infantil ;1;Nova Presença;Rio de Mouro;26/07/2012;Oferta (Pólo Elvas);;;;;
390;dir. Sérgio Sánchez Cerezo;Enciclopédia de educação infantil ;2;Nova Presença;Rio de Mouro;26/07/2012;Oferta (Pólo Elvas);;;;;
391;dir. Sérgio Sánchez Cerezo;Enciclopédia de educação infantil ;3;Nova Presença;Rio de Mouro;26/07/2012;Oferta (Pólo Elvas);;;;;
392;dir. Sérgio Sánchez Cerezo;Enciclopédia de educação infantil ;4;Nova Presença;Rio de Mouro;26/07/2012;Oferta (Pólo Elvas);;;;;
393;dir. Sérgio Sánchez Cerezo;Enciclopédia de educação infantil ;5;Nova Presença;Rio de Mouro;26/07/2012;Oferta (Pólo Elvas);;;;;
394;dir. Sérgio Sánchez Cerezo;Enciclopédia de educação infantil ;6;Nova Presença;Rio de Mouro;26/07/2012;Oferta (Pólo Elvas);;;;;
395;dir. edit. Rogério Moreira;A minha primeira biblioteca : a vida dia a dia;;Marus;Estoril;27/09/2012;Oferta;;;;;
396;dir. edit. Rogério Moreira;A minha primeira biblioteca : coisas que nos rodeiam;;Marus;Estoril;27/09/2012;Oferta;;;;;
397;dir. edit. Rogério Moreira;A minha primeira biblioteca : animais de estimação;;Marus;Estoril;27/09/2012;Oferta;;;;;
398;dir. edit. Rogério Moreira;A minha primeira biblioteca : coisas que podes fazer;;Marus;Estoril;27/09/2012;Oferta;;;;;
399;dir. edit. Rogério Moreira;A minha primeira biblioteca : saúde e segurança;;Marus;Estoril;27/09/2012;Oferta;;;;;
400;dir. edit. Rogério Moreira;A minha primeira biblioteca : o tempo;;Marus;Estoril;27/09/2012;Oferta;;;;;
401;dir. edit. Rogério Moreira;A minha primeira biblioteca : o mundo em que vivemos;;Marus;Estoril;27/09/2012;Oferta;;;;;
402;dir. edit. Rogério Moreira;A minha primeira biblioteca : exploradores e aventureiros;;Marus;Estoril;27/09/2012;Oferta;;;;;
403;dir. edit. Rogério Moreira;A minha primeira biblioteca : o mundo dos insectos;;Marus;Estoril;27/09/2012;Oferta;;;;;
404;dir. edit. Rogério Moreira;A minha primeira biblioteca : artes e música;;Marus;Estoril;27/09/2012;Oferta;;;;;
405;dir. edit. Rogério Moreira;A minha primeira biblioteca : a origem das coisas;;Marus;Estoril;27/09/2012;Oferta;;;;;
406;dir. edit. Rogério Moreira;A minha primeira biblioteca : modos de agir e pensar;;Marus;Estoril;27/09/2012;Oferta;;;;;
407;dir. edit. Rogério Moreira;A minha primeira biblioteca : inventos;;Marus;Estoril;27/09/2012;Oferta;;;;;
408;dir. edit. Rogério Moreira;A minha primeira biblioteca : o nosso corpo;;Marus;Estoril;27/09/2012;Oferta;;;;;
409;dir. edit. Rogério Moreira;A minha primeira biblioteca : geografia;;Marus;Estoril;27/09/2012;Oferta;;;;;
410;Sally Altschuler;O caçador de dragões;;Leo Pharma;Copenhaga;27/09/2012;Oferta;;;;;
411;Carlos Reviejo;O porquê das coisas;;Girassol;Sintra;27/09/2012;Oferta;;;;;
412;Luísa Ducla Soares;A Fada Palavrinha e o Gigante das Biblioteca;;Horizonte;Lisboa;27/09/2012;Oferta;;;;;
413;Papiniano Carlos;A viagem de Alexandra;;Arca das Letras;Lisboa;27/09/2012;Oferta;;;;;
414;Papiniano Carlos;A viagem de Alexandra;;Arca das Letras;Lisboa;27/09/2012;Oferta;;;;;
415;Papiniano Carlos;A viagem de Alexandra;;Arca das Letras;Lisboa;27/09/2012;Oferta;;;;;
416;Ana Rito, Ana Lúcia Silva;Manual de nutrição infantil;;Marcador;Barcarena;26/10/2012;Compra;;;;arte e ciência;E
417;Ariane Brand;As doenças das crianças;;Oficina do Livro;Alfragide;26/10/2012;Compra;;;;;
418;Paulo Oom;O plano de saúde das crianças;;Academia do Livro;Alfragide;26/10/2012;Compra;;;;;
419;Fernando Alberca;Todas as crianças podem ser Einstein;;Planeta;Lisboa;26/10/2012;Compra;;;;;
420;Boris Cyrulnik;Resiliência;;Instituto Piaget;Lisboa;26/10/2012;Compra;;;;;
421;Andreia Vidal;365 Atividadeds;;A esfera dos Livros;Lisboa;26/10/2012;Compra;;;;arte e ciência;E
422;Peter K. Smith, Helen Cowie, Mark Blades;Compreender o desenvolvimento da criança;;Instituto Piaget;Lisboa;26/10/2012;Compra;;;;;
423;Sara Rodrigues;100 Histórias do outro mundo;;Asa;Alfragide;26/10/2012;Compra;;;;;
424;Michal Snunit;O pássaro da alma;;Veja;[Lisboa];26/10/2012;Compra;;;;;
425;Beatrice Alemagna;Meu amor;;Books;Ílhavo;26/10/2012;Oferta;;;;Pré-Escolar;D
426;Philippe Nessmann;Todas as respostas às perguntas que nunca te fizeste;;Kalandraka;Matosinhos;26/10/2012;Oferta;;;;arte e ciência;D
427;Philippe Nessmann;Todas as respostas às perguntas que nunca te fizeste;;Kalandraka;Matosinhos;26/10/2012;Oferta;;;;arte e ciência;D
428;Catarina Sobral;Greve;;Orfeu Negro;Lisboa;26/10/2012;Oferta;;;;para refletir;E
429;Benjamin Chaud;A cantiga do urso;;Orfeu Negro;Lisboa;26/10/2012;Oferta;;;;Obras de arte;E
430;Anthony Browne;Um gorila;;Kalandraka;Matosinhos;26/10/2012;Oferta;;;;Pré-Escolar;E
431;Eric Carle;O artista que pintou um cavalo azul;;Kalandraka;Matosinhos;26/10/2012;Oferta;;;;Creche;D
432;Shaun Tan;A coisa perdida;;Kalandraka;Matosinhos;26/10/2012;Oferta;;;;Pré-Escolar;B
433;Paula Carballeira, Sonja Danowski;O Princípio;;Kalandraka;Matosinhos;29/10/2012;Oferta;;;;para refletir;E
434;Isabel Minhós Martins, Bernardo Carvalho;O rapaz que gostava de aves : (e de muitas outras coisas);;Planeta Tangerina;Carcavelos;29/10/2012;Oferta;;;;;
435;Beatrice Alemagna;A gigantesca pequena coisa;;Bags Of  Books;Gafanha da Nazaré;29/10/2012;Oferta;;;;Obras de arte;C
436;Adela Turín;Rosa Rebuçado;;Kalandraka;Matosinhos;29/10/2012;Oferta;;;;;
437;Shaun Tan;A árvore vermelha;;Kalandraka;Matosinhos;29/10/2012;Oferta;;;;;
438;Suzy Lee;Onda;;Ana Paula Faria;Lisboa;29/10/2012;Oferta;;;;;
439;Suzy Lee;Espelho;;Ana Paula Faria;Lisboa;29/10/2012;Oferta;;;;;
440;Béatrice Rodriguez;O ladrão de galinhas;;Bags Of  Books;Gafanha da Nazaré;29/10/2012;Oferta;;;;Creche;A
441;Sophie Strrady;Na floresta da perguiça;;Bruaá;Figueira de Foz;29/10/2012;Oferta;;;;para refletir;B
442;il. Serge Bloch;O tigre na rua e outros poemas;;Bruaá;Figueira de Foz;29/10/2012;Oferta;;;;para refletir;A
443;Mafalda Milhões;Uma biblioteca é uma casa onde cabe toda a gente;;O Bichinho de Conto;Óbidos;29/10/2012;Oferta;;;;;
444;Xosé Manuel González;Artur;;Kalandraka;Matosinhos;29/10/2012;Oferta;;;;;
445;Pinto & Chinto;Minimalário;;Kalandraka;Matosinhos;29/10/2012;Oferta;;;;;
446;Oliver Jeffers;O coração e a garrafa;;Orfeu Negro;Lisboa;02/11/2012;Oferta;;;;para refletir;D
447;Tim Bowley;Amélia quer um cão;;Kalandraka;Matosinhos;02/11/2012;Oferta;;;;Creche;C
448;Cristina Falcón Maldonado;Letras nos atacadores;;Kalandraka;Matosinhos;02/11/2012;Oferta;;;;Pré-Escola;E
449;Eric Carle;Queres brincar comigo;;Kalandraka;Matosinhos;02/11/2012;Oferta;;;;;
450;Peter H. Reynolds;O ponto;;Bruaá;Figueira de Foz;02/11/2012;Oferta;;;;;
451;William Bee;Grande coisa;;Planeta Tangerina;Carcavelos;02/11/2012;Oferta;;;;para refletir;D
452;Isabel Minhós Martins, Bernardo Carvalho;Obrigada a todos!;;Planeta Tangerina;Carcavelos;02/11/2012;Oferta;;;;Pré-Escolar;A
453;Lurdes Breda;O alfabeto trapalhão;;Ana Paula Faria;[S.l.];02/11/2012;Oferta;;;;;
454;Martín León Barreto;A viagem de Olaj;;Kalandraka;Figueira de Foz;02/11/2012;Oferta;;;;Creche;C
455;Tomi Ungerer;Crictor;;Kalandraka;Carcavelos;02/11/2012;Oferta;;;;Pré-Escolar;C
456;Daniela Kulot;Crocodilo e girafa;;Kalandraka;Carcavelos;02/11/2012;Oferta;;;;Pré-Escolar;D
457;Daniela Kulot;Um pequeno crocodilo ternurento que só visto;;Kalandraka;Carcavelos;02/11/2012;Oferta;;;;Pré-Escolar;D
6;Margarida Botelho;Eva;;Ed. do Autor;[S.l.];02/11/2012;Oferta;;;;para refletir;C
459;Tim Bowley;Jaime e as bolotas;;Kalandraka;Carcavelos;02/11/2012;Oferta;;;;Creche;C
460;Miguel Murugarren;Animalário universal do Professor Revillod;;Orfeu Mini;Lisboa;02/11/2012;Oferta;;;;Creche;E
461;coord. Carlos Marinho Falcão;Toca a…aprender a aprender;1;Equipa de Saúde Mental Infanto-Juvenil -Hospital do Espírito Santo de Évora;Évora;02/11/2012;Oferta;;;;;
462;coord. Alberto Magalhães;Toca a…ajudar a crescer;2;Equipa de Saúde Mental Infanto-Juvenil -Hospital do Espírito Santo de Évora;Évora;02/11/2012;Oferta;;;;;
463;coord. Carlos Marinho Falcão;Toca a…brincar para crescer;3;Equipa de Saúde Mental Infanto-Juvenil -Hospital do Espírito Santo de Évora;Évora;02/11/2012;Oferta;;;;;
464;coord. Vera Fialho;Toca a…dormir;4;Equipa de Saúde Mental Infanto-Juvenil -Hospital do Espírito Santo de Évora;Évora;02/11/2012;Oferta;;;;;
465;coord. Carlos Marinho Falcão;Toca a…entrar na escola;5;Equipa de Saúde Mental Infanto-Juvenil -Hospital do Espírito Santo de Évora;Évora;02/11/2012;Oferta;;;;;
466;coord.Manuela Fialho;Toca a…falar;6;Equipa de Saúde Mental Infanto-Juvenil -Hospital do Espírito Santo de Évora;Évora;02/11/2012;Oferta;;;;;
467;cood. Alberto Magalhães;Toca a…lidar com o ciúme fraterno;7;Equipa de Saúde Mental Infanto-Juvenil -Hospital do Espírito Santo de Évora;Évora;02/11/2012;Oferta;;;;;
468;coord. Manuel Fialho;Toca a…lidar com a gaguez;8;Equipa de Saúde Mental Infanto-Juvenil -Hospital do Espírito Santo de Évora;Évora;02/11/2012;Oferta;;;;;
469;coord. Vera Fialho;Toca a…perder o medo;9;Equipa de Saúde Mental Infanto-Juvenil -Hospital do Espírito Santo de Évora;Évora;02/11/2012;Oferta;;;;;
470;coord. Carlos Marinho Falcão;Toca a…ser adolescente;10;Equipa de Saúde Mental Infanto-Juvenil -Hospital do Espírito Santo de Évora;Évora;02/11/2012;Oferta;;;;;
471;coord. Alberto Magalhães;Toca a...comer;11;Equipa de Saúde Mental Infanto-Juvenil -Hospital do Espírito Santo de Évora;Évora;02/11/2012;Oferta;;;;;
472;coord. Alberto Magalhães;Toca a…gostar de mim;12;Equipa de Saúde Mental Infanto-Juvenil -Hospital do Espírito Santo de Évora;Évora;02/11/2012;Oferta;;;;;
473;coord. Equipa de Saúde Mental Infanto-Juvenil;Toca a…acabar com as birras;13;Equipa de Saúde Mental Infanto-Juvenil -Hospital do Espírito Santo de Évora;Évora;02/11/2012;Oferta;;;;;
474;coord. Equipa de Saúde Mental Infanto-Juvenil;Toca a…não molhar a cama;14;Equipa de Saúde Mental Infanto-Juvenil -Hospital do Espírito Santo de Évora;Évora;02/11/2012;Oferta;;;;;
475;coord. Equipa de Saúde Mental Infanto-Juvenil;Toca a…lidar com a hiperactividade;15;Equipa de Saúde Mental Infanto-Juvenil -Hospital do Espírito Santo de Évora;Évora;08/11/2012;Oferta;;;;;
476;Heike Bitter, Christine Schulze;Logico piccolo : introdução ao estudo do meio;;Estúdio Didáctica;Lisboa;08/11/2012;Oferta;"Fichas separadas(No transito;Animais dom.e animais da quinta;Plantas úteis;No campo;O meu corpo;Tempo e calendário)";;;;
477;Bruno Munari;Na noite escura;;Bruaá;Figueira de Foz;11/12/2012;Compra;;;;;
478;Michäel Leblond;Nova Iorque em pijama;;Kalandraka;Matosinhos;11/12/2012;Compra;;;;Obras de arte;E
479;orient. Maria ErmelindaFreire Marques Damas;Actividades lógicas 1;;Ludomedia;Oliveira de Azeméis;11/12/2012;Compra;;;;;
480;orient. Maria ErmelindaFreire Marques Damas;Actividades lógicas 2;;Ludomedia;Oliveira de Azeméis;11/12/2012;Compra;;;;;
481;orient. Maria ErmelindaFreire Marques Damas;Actividades lógicas 3;;Ludomedia;Oliveira de Azeméis;11/12/2012;Compra;;;;;
482;orient. Maria ErmelindaFreire Marques Damas;Actividades lógicas 4;;Ludomedia;Oliveira de Azeméis;11/12/2012;Compra;;;;;
483;coord. da rev. cient. José Orlando Strecht Ribeiro;Early Bird : all about animals;;Estúdio Didáctica;Lisboa;18/12/2012;Compra;Poster de mesa;;;;
484;coord. da rev. cient. José Orlando Strecht Ribeiro;Early Bird : me and my family;;Estúdio Didáctica;Lisboa;18/12/2012;Compra;Poster de mesa;;;;
485;coord. da rev. cient. José Orlando Strecht Ribeiro;Early Bird : my home;;Estúdio Didáctica;Lisboa;18/12/2012;Compra;Poster de mesa;;;;
486;coord. da rev. cient. José Orlando Strecht Ribeiro;Early Bird : that´s me;;Estúdio Didáctica;Lisboa;18/12/2012;Compra;Poster de mesa;;;;
487;coord. da rev. cient. José Orlando Strecht Ribeiro;Early Bird : at school;;Estúdio Didáctica;Lisboa;18/12/2012;Compra;Poster de mesa;;;;
488;coord. da rev. cient. José Orlando Strecht Ribeiro;Early Bird : seasons and festivals;;Estúdio Didáctica;Lisboa;18/12/2012;Compra;Poster de mesa;;;;
489;Fernanda C. A. S. Pinho, José Manuel R. Rosa, Maria Ermelinda F. M. Damas;Pinta, brina a aprender com os blocos lógicos;;Estúdio Didáctica;Lisboa;18/12/2012;Compra;Tabuleiro dos blocos lógicos + jogo c/ 48 peças+ CD-rom;;;;
490;José Manuel Resende Rosa, Maria Ermelinda F. Marques Damas;Primeiros Passos em matemática;;Ludomedia;Oliveira de Azeméis;18/12/2012;Compra;;;;;
491;Simona Ciraolo;Quero um abraço;;Orfeu Negro;Lisboa;02/04/2024;Oferta;;;;;
492;Ariana Squillori;Debaixo das pedras;;Akiara Books;Barcelona;02/04/2024;Oferta;;;;para refletir;B
493;Josep Navarro Santauelália;Tempo de Haikus;;Akiara Books;Barcelona;02/04/2024;Oferta;;;;para refletir;B
494;Alex Nogués;Uma quinta;;Akiara Books;Barcelona;02/04/2024;Oferta;;;;para refletir;B
495;Mar Benegas;Coração de pássaro;;Akiara Books;Barcelona;02/04/2024;Oferta;;;;para refletir;B
496;Jon Arno Lawson e Sydney Smith;Flores mágicas;;Livros Horizonte;Lisboa;02/04/2024;Oferta;;;;;
497;Jon Arno Lawson e Sydney Smith;Flores mágicas;;Livros Horizonte;Lisboa;02/04/2024;Oferta;;;;;
498;Jon Arno Lawson e Sydney Smith;Flores mágicas;;Livros Horizonte;Lisboa;02/04/2024;Oferta;;;;;
499;Jon Arno Lawson e Sydney Smith;Flores mágicas;;Livros Horizonte;Lisboa;02/04/2024;Oferta;;;;;
500;Jon Arno Lawson e Sydney Smith;Flores mágicas;;Livros Horizonte;Lisboa;02/04/2024;Oferta;;;;;
501;Jon Arno Lawson e Sydney Smith;Flores mágicas;;Livros Horizonte;Lisboa;02/04/2024;Oferta;;;;;
502;Jon Arno Lawson e Sydney Smith;Flores mágicas;;Livros Horizonte;Lisboa;02/04/2024;Oferta;;;;;
503;Jon Arno Lawson e Sydney Smith;Flores mágicas;;Livros Horizonte;Lisboa;02/04/2024;Oferta;;;;;
504;Jordi Amenós;De onde vêm as ideias?;;Akiara Books;Barcelona;04/04/2024;Compra;;;;para refletir;C
505;Laia de Ahumada;O sexto sentido;;Pequena Fragmenta;Barcelona;04/04/2024;Compra;;;;para refletir;C
506;Laëtitia Bourget e Emmanuelle Houdart;Crescer;;Orfeu Negro;Lisboa;04/04/2024;Compra;;;;;
507;Carson Ellis;Casa;;Orfeu Negro;Lisboa;04/04/2024;Compra;;;;;
508;Rotraut Susanne Berner;O livro da primavera;;Albana Lima;[S.l.];04/04/2024;Compra;;;;Creche;C
509;Rotraut Susanne Berner;O livro do inverno;;Albana Lima;[S.l.];04/04/2024;Compra;;;;Creche;C
510;Rotraut Susanne Berner;O livro do verão;;Albana Lima;[S.l.];04/04/2024;Compra;;;;Creche;C
511;Rotraut Susanne Berner;O livro do outono;;Albana Lima;[S.l.];04/04/2024;Compra;;;;Creche;C
512;Kim Sena;É tempo de andar;;Baduga;[S.l.];04/04/2024;Compra;;;;Obras de Arte;D
513;Sébastien Perez e Benjamin Lacombe;Frida;;Kalandraka;Matosinhos;04/04/2024;Compra;;;;Obras de Arte;B
514;Rita Sineiro;Livro do inverno;;UPA;[S.l.];04/04/2024;Compra;;;;;
515;Isabel Peixeiro ;Livro do outono;;UPA;[S.l.];04/04/2024;Compra;;;;;
516;Joana Barata;Livro do verão;;UPA;[S.l.];04/04/2024;Compra;;;;;
517;Jordi Pigem;Redescobrir o mundo;;Akiara Books;Barcelona;04/04/2024;Compra;;;;Creche;E
518;Alex Nogués;Às vezes o bosque…;;Akiara Books;Barcelona;04/04/2024;Compra;;;;Creche;E
519;Gianni Rodari;Gramática da fantasia;;Kalandraka;Matosinhos;04/04/2024;Compra;;;;;
520;Inês Castel-Branco;Respira;;Akiara Books;Barcelona;04/04/2024;Compra;;;;para refletir;C
521;Fran Pintadera;Porque temos medo?;;Akiara Books;Barcelona;04/04/2024;Compra;;;;para refletir;C
522;Fran Pintadera;Porque choramos?;;Akiara Books;Barcelona;04/04/2024;Compra;;;;para refletir;C
523;Inês Castel-Branco;A tua canção;;Akiara Books;Barcelona;04/04/2024;Compra;;;;para refletir;E
524;Inês Castel-Branco;Obrigado, mãe terra;;Akiara Books;Barcelona;04/04/2024;Compra;;;;para refletir;B
525;Simona Ciraolo;Queria um abraço;;Orfeu Negro;Lisboa;04/04/2024;Compra;;;;;
526;Tomie DePaola;A avó lá de cima e a avó lá de Baixo;;Kalandraka;Matosinhos;04/04/2024;Compra;;;;Pré-Escolar;D
527;María José Floriano Novoa;Terra de ninguém;;Kalandraka;Matosinhos;04/04/2024;Compra;;;;para refletir;E
528;Elena Bernabé;Com as mãos;;Akiara Books;Barcelona;04/04/2024;Compra;;;;Pré-Escolar;C
529;Albertine;Serafina : o aniversário;;Albana Lima;[S.l.];04/04/2024;Compra;;;;Crerche;C
530;Arianna Papini;O que gostarias de ser?;;Kalandraka;Matosinhos;04/04/2024;Compra;;;;Pré-Escolar;C
531;Virginie Aladjidi;Inventário dos dinossauros;;Kalandraka;Matosinhos;04/04/2024;Compra;;;;arte e ciência;B
532;Virginie Aladjidi;Inventário dos animais;;Kalandraka;Matosinhos;04/04/2024;Compra;;;;arte e ciência;B
533;Virginie Aladjidi;Inventário das árvores;;Kalandraka;Matosinhos;04/04/2024;Compra;;;;arte e ciência;C
534;Maria Prates;Cantar Juntos;1;A PAR - Associação Aprender em Parceria ;Lisboa;04/04/2024;Compra;;;;Creche;A
535;Maria Prates;Cantar Juntos;2;A PAR - Associação Aprender em Parceria ;Lisboa;04/04/2024;Compra;;;;Creche;A
536;Clara Cunha;Filhos da lua;;Prodidáctico;Alcabideche;04/04/2024;Compra;;;;Pré-Escolar;C
537;Adela Turín;Artur e Clementina;;Kalandraka;Matosinhos;04/04/2024;Compra;;;;Creche;D
538;Aleksandra Mizielínska, Daniel Mizielinski;Histórias de Vila Mamoko ;;Albana Lima;[S.l.];04/04/2024;Compra;;;;Creche;C
539;Janet Ahlberg e Allan Ahlberg;Que ossos curiosos;;Kalandraka;Matosinhos;04/04/2024;Compra;;;;;
540;Allan Ahlberg;Sonhos com dinossauros;;Kalandraka;Matosinhos;04/04/2024;Compra;;;;;
541;Anthony Browne;O livro dos porquinhos;;Kalandraka;Matosinhos;04/04/2024;Compra;;;;;
542;Pilar Martínez;A galinha ruiva;;Kalandraka;Matosinhos;04/04/2024;Compra;;;;Creche;C
543;Nowordbooks;Animais da savana;;Nowordbooks;[S.l.];04/04/2024;Compra;;;;Creche;B
544;Nowordbooks;Animais da selva;;Nowordbooks;[S.l.];04/04/2024;Compra;;;;Creche;B
545;Nowordbooks;Animais florestais;;Nowordbooks;[S.l.];04/04/2024;Compra;;;;Creche;B
546;Nowordbooks;Animais selvagens e seus descendentes;;Nowordbooks;[S.l.];04/04/2024;Compra;;;;Creche;B
547;Nowordbooks;Animais domésticos e seus descendentes;;Nowordbooks;[S.l.];04/04/2024;Compra;;;;Creche;B
548;M. Carmen Aznar;O jardim que habitas;;Akiara Books;Barcelona;11/11/2014;Oferta;;;;para refletir;B
549;Fran Pintadera;A canção do Pássaro Toc;;Akiara Books;Barcelona;11/11/2024;Oferta;;;;para refletir;B
550;M. Alzéal;O boneco;;kalandraka;Matosinhos;11/11/2024;Oferta;;;;Creche;A
551;Michael Grejniec;A que sabe a lua?;;Kalandraka;Matosinhos;11/11/2024;Compra;;;;;
552;Isabel Minhós Martins;Como ver coisas invisíveis : observações , experiências;;Planeta Tangerina;Carcavelos;11/11/2024;Compra;;;;arte e ciência;D
553;Telma Pereira e Carlos Garcia;Cantar juntos pelo mundo;CD;A PAR - Associação Aprender em Parceria ;Lisboa;11/11/2024;Compra;;;;Creche;A
554;Carmen Queralt;Quem é esse bicho;;Kalandraka;Matosinhos;11/11/2024;Compra;;;;Creche;D
555;Núria Parera;O grande salto;;Akiara Books;Barcelona;11/11/2024;Compra;;;;para refletir;C
556;Virginie Aladjidi;Inventário dos mares;;Kalandraka;Matosinhos;11/11/2024;Compra;;;;;
557;Virginie Aladjidi;Inventário das árvores;;Kalandraka;Matosinhos;11/11/2024;Compra;;;;;
558;nov/24;Inventário das aves;;Kalandraka;Matosinhos;11/11/2024;Compra;;;;arte e ciência;E
559;Virginie Aladjidi;Inventário dos insetos;;Kalandraka;Matosinhos;11/11/2024;Compra;;;;arte e ciência;E
560;Virginie Aladjidi;Inventário das rochas e dos minerais;;Kalandraka;Matosinhos;11/11/2024;Compra;;;;;
561;Lucile Guittienne e Pierre-Antoine Gérard;Inventário dos animais com cauda;;Kalandraka;Matosinhos;11/11/2024;Compra;;;;;
562;Virginie Aladjidi;Inventário dos frutos e legumes;;Kalandraka;Matosinhos;11/11/2024;Compra;;;;arte e ciência;C
563;Nuppita Pittman;Sobe;;UPA;[S.l.];11/11/2024;Compra;;;;Creche;B
564;Ángela Cuartas;Tartaruga;;Alfarroba;[S.l.];11/11/2024;Compra;;;;para refletir;D
565;Shaun Tan;Cigarra;;Orfeu Negro;Lisboa;11/11/2024;Compra;;;;Pré-Escolar;C
566;Drew Daywalt;O dia em que os lápis desistiram;;Orfeu Negro;Lisboa;11/11/2024;Compra;;;;Pré-Escolar;D
567;Isabel Mihnós Martins, Maria Manuel Pedrosa;Cá dentro : guia para descobrir o cérebro;;Planeta Tangerina;Carcavelos;11/11/2024;Compra;;;;arte e ciência;D
568;Maria Ana Peixe Dias e Inês Teixeira do Rosário;Lá fora : guia para descobrir a natureza;;Planeta Tangerina;Carcavelos;11/11/2024;Compra;;;;arte e ciência;D
569;Filipa Tomaz, Letícia do Carmo;Uma casa é uma montanha é um chapéu;;Planeta Tangerina;Carcavelos;11/11/2024;Compra;;;;Pre-Escolar;A
570;Guillermo Gil Schröder;Os dois lobos;;Akiara Books;Barcelona;11/11/2024;Compra;;;;para refletir;C
571;Mark Janssen;Sonhador;;Baduga;[S.l.];11/11/2024;Compra;;;;Pre-Escolar;B
572;Oliver Jeffers;Reco Meçar;;Orfeu Negro;Lisboa;11/11/2024;Compra;;;;para refletir;C
573;Hans Christian Andersen;A menina dos fósforos;;Alfarroba;[S.l.];11/11/2024;Compra;;;;Obras de arte;D
574;Gianni Rodari;Um e sete;;Kalandraka;Matosinhos;11/11/2024;Compra;;;;Creche;D
575;Michaël Leblond;Paris em pijamarama : Imagens que se animam como que por magia;;Kalandraka;Matosinhos;11/11/2024;Compra;;;;Obras de arte;E
576;Michaël Leblond;O museu em pijamarama : Imagens que se animam como que por magia;;Kalandraka;Matosinhos;11/11/2024;Compra;;;;;
577;Stéphane Servant;A minha mãe;;Orfeu Negro;Lisboa;23/01/2025;Compra;;;;Obras de arte;B
578;Michèle Petit;Somos animais poéticos;;Kalandraka;Matosinhos;23/01/2025;Compra;;;;Obras de arte;C
579;Iona Heath;Questões de vida e de morte;;Kalandraka;Matosinhos;23/01/2025;Compra;;;;arte e ciência;C
580;Marie Sellier;O nascimento do dragão;;Kalandraka;Matosinhos;23/01/2025;Compra;;;;Obras de arte;E
581;Issa Watanabe;Migrantes;;Orfeu Negro;Lisboa;23/01/2025;Compra;;;;para refletir;E
582;Rémi Courgeon;Endireita-te;;Orfeu Negro;Lisboa;23/01/2025;Compra;;;;Obras de arte;E
583;Adelheid Dahimène;Burros;;Orfeu Negro;Lisboa;23/01/2025;Compra;;;;para refletir;A
584;Maria João Lopes;Os pais não sabem, mas eu explico;;Máquina de Voar;[S.l.];23/01/2025;Compra;;;;Pré-Escolar;C
585;Gianni Rodari;Era duas vezes o barão Lamberto;;Kalandraka;Lisboa;23/01/2025;Compra;;;;arte e ciência;C
586;Isabel Minhós Martins;O Ponto em que estamos;;Planeta Tangerina;Carcavelos;23/01/2025;Compra;;;;Pré-Escolar;A
587;Franz Kafka, Guridi;O desejo de ser um índio;;Simon's Books;[S.l.];23/01/2025;Compra;;;;para refletir;C
588;Jacinto Lucas Pires;Faz diferença;;Bruaá;Figueira de Foz;23/01/2025;Compra;;;;para refletir;D
589;música Nuno Salvado;O som das emoções;;Associação Terra Batida;[S.l.];23/01/2025;Compra;;;;Creche;A
590;Inês Viegas Oliveira;O duelo;;Planeta Tangerina;Carcavelos;23/01/2025;Compra;;;;para refletir;C
591;Gaëtan Dorémus;Amigo-amigos;;Livros Horizonte;Lisboa;23/01/2025;Compra;;;;;
592;Sofia Paulino;Contos ao vento;;Simon's Books;[S.l.];23/01/2025;Compra;;;;para refletir;D
593;Johanna Schaible;Era uma vez;;Planeta Tangerina;Carcavelos;23/01/2025;Compra;;;;para refletir;C
594;Akiko Miyakoshi;Regresso a casa;;Orfeu Negro;Lisboa;23/01/2025;Compra;;;;Creche;D
595;Xulio Gutiérrez;Ocultos : animais extraordinários;;Kalandraka;Matosinhos;02/05/2025;Compra;;;;Obras de arte;A
596;Xulio Gutiérrez;Viajantes : animais extraordinários;;Kalandraka;Matosinhos;02/05/2025;Compra;;;;Obras de arte;A
597;Xulio Gutiérrez;Olhos : animais extraordinários;;Kalandraka;Matosinhos;02/05/2025;Compra;;;;Obras de arte;A
598;Marie-Sabine Roger;O grande grrrrr;;Orfeu Negro;Lisboa;02/05/2025;Oferta;;;;Pré-Escolar;C
599;Josep Maria Mallarach;A sabedoria dos povos Indígenas;;Akiara Books;Barcelona;02/05/2025;Compra;;;;para refletir;D
600;Isabel Minhós Martins e Dina Mendonça;Onde é que nós íamos? : - sobre a importância e o prazer de conversar;;Tangerina;Carcavelos;02/05/2025;Compra;;;;arte e ciência;D
601;Miguel Gouveia;A manta do José;;Bruaá;Figueira de Foz;02/05/2025;Compra;;;;para refletir;C
602;Rec. e sel. Luísa Ducla Soares;Cada macaco no seu galho : rimas, lengalengas e provérbios;;Livros Horizonte;Lisboa;02/05/2025;Compra;;;;;
603;Lorenzo Coltellaci;O misterioso gigante;;Alfarroba;[S.l.];02/05/20'25;Compra;;;;Pré-Escolar;D
604;Concha Pasmar;Capuchinho Vermelho;;Alfarroba;[S.l.];02/05/2025;Compra;;;;Pré-Escolar;D
605;Gonzalo Moure;A nogueira;;Akiara Books;Barcelona;02/05/2025;Compra;;;;para refletir;C
606;Philip Ball;Três grandes perguntas : (Toda) a ciência em três grandes perguntas;;Tangerina;Carcavelos;02/05/2025;Compra;;;;arte e ciência;D
607;il. Emília Nor;Sr. Caracol;;UPA;[S.l.];02/05/2025;Compra;;;;Creche;B
608;Madalena Moniz;Quá! : 1, 2, 3;;Orfeu Negro;Lisboa;02/05/2025;Compra;;;;Creche;B
609;Isabel Peixeiro ;Esconde esconde;;UPA;[S.l.];02/05/2025;Compra;;;;Creche;B
610;Chris Houghton;Boa noite a todos;;Orfeu Negro;Lisboa;02/05/2025;Compra;;;;Creche;B
611;Chris Houghton;E se…;;Orfeu Negro;Lisboa;02/05/2025;Compra;;;;Creche;B
612;Chris Houghton;Coragem, pequeno caranguejo;;Orfeu Negro;Lisboa;02/05/2025;Compra;;;;Creche;B
613;Cinara Saiónára;Quem está?;;UPA;[S.l.];02/05/2025;Compra;;;;Creche;B
614;[S.A.];Aves;;Nowordbooks;[S.l.];02/05/2025;Compra;;;;Creche;B
615;[S.A.];Como é feito?;;Nowordbooks;[S.l.];02/05/2025;Compra;;;;Creche;B
616;[S.A.];Dinossauros;;Nowordbooks;[S.l.];02/05/2025;Compra;;;;;
617;Chris Houghton;Oh não, Sebastião!;;Orfeu Negro;Lisboa;02/05/2025;Compra;;;;Creche;B
618;Chris Houghton;Chiu! : temos um plano;;Orfeu Negro;Lisboa;02/05/2025;Compra;;;;Creche;B
619;Chris Houghton;Boa, mamã Pinguim!;;Orfeu Negro;Lisboa;02/05/2025;Compra;;;;Creche;B
620;Leo Lionni;Um ano atarefado;;Kalandraka;Matosinhos;02/05/2025;Oferta;;;;Pré-Escolar;B
621;Bhajju Shyam, Durga Bai, Ram Singh Urveti;La vida nocturna de los árboles;;Kalandraka;Pontevedra;02/05/2025;Oferta;;;;arte e ciência;C
622;Madalena Moniz;Hoje sinto-me… de A a Z;;Orfeu Negro;Lisboa;09/05/2025;Compra;;;;para refletir;B
623;Javier Sobrino, Concha Pasamar;Plantar o mundo;;Akiara Books;Barcelona;09/05/2025;Compra;;;;para refletir;B
624;Irma Borges, Mo Gutiérrez Serna;Bando de Nuvens;;Akiara Books;Barcelona;09/05/2025;Compra;;;;para refletir;B
625;Isabel Meira;Gosto, logo existo : redes sociais, jornalismo e um estranho;;Planeta Tangerina;Carcavelos;09/05/2025;Compra;;;;arte e ciência;D
626;Alessandra Roscoe;Quando as coisas desacontecem;;Alfarroba;[S.l.];09/05/2025;Compra;;;;para refletir;B
627;Yael Frankel;Sobre rodas;;UPA;[S.l.];09/05/2025;Compra;;;;Creche;B
628;Manel Ollé;Tao;;Akiara Books;Carcavelos;09/05/2925;Compra;;;;para refletir;C
;;;;;;;;;;;para refletir;C
629;Alex Nogués, Maria Elina;Tão simples;;Akiara Books;Carcavelos;09/05/2025;Compra;;;;;
